name,title,level,facing,categories,description,detail,remediation,metadata,cache_key
rls_disabled_in_public,RLS Disabled in Public,ERROR,EXTERNAL,"[""SECURITY""]",Detects cases where row level security (RLS) has not been enabled on tables in schemas exposed to PostgREST,"Table \`public.refunds\` is public, but RLS has not been enabled.",https://supabase.com/docs/guides/database/database-linter?lint=0013_rls_disabled_in_public,"{""name"":""refunds"",""type"":""table"",""schema"":""public""}",rls_disabled_in_public_public_refunds
rls_disabled_in_public,RLS Disabled in Public,ERROR,EXTERNAL,"[""SECURITY""]",Detects cases where row level security (RLS) has not been enabled on tables in schemas exposed to PostgREST,"Table \`public.academy_applications\` is public, but RLS has not been enabled.",https://supabase.com/docs/guides/database/database-linter?lint=0013_rls_disabled_in_public,"{""name"":""academy_applications"",""type"":""table"",""schema"":""public""}",rls_disabled_in_public_public_academy_applications
rls_disabled_in_public,RLS Disabled in Public,ERROR,EXTERNAL,"[""SECURITY""]",Detects cases where row level security (RLS) has not been enabled on tables in schemas exposed to PostgREST,"Table \`public.academy_invites\` is public, but RLS has not been enabled.",https://supabase.com/docs/guides/database/database-linter?lint=0013_rls_disabled_in_public,"{""name"":""academy_invites"",""type"":""table"",""schema"":""public""}",rls_disabled_in_public_public_academy_invites
rls_disabled_in_public,RLS Disabled in Public,ERROR,EXTERNAL,"[""SECURITY""]",Detects cases where row level security (RLS) has not been enabled on tables in schemas exposed to PostgREST,"Table \`public.academy_owner_profiles\` is public, but RLS has not been enabled.",https://supabase.com/docs/guides/database/database-linter?lint=0013_rls_disabled_in_public,"{""name"":""academy_owner_profiles"",""type"":""table"",""schema"":""public""}",rls_disabled_in_public_public_academy_owner_profiles
rls_disabled_in_public,RLS Disabled in Public,ERROR,EXTERNAL,"[""SECURITY""]",Detects cases where row level security (RLS) has not been enabled on tables in schemas exposed to PostgREST,"Table \`public.billing_accounts\` is public, but RLS has not been enabled.",https://supabase.com/docs/guides/database/database-linter?lint=0013_rls_disabled_in_public,"{""name"":""billing_accounts"",""type"":""table"",""schema"":""public""}",rls_disabled_in_public_public_billing_accounts
rls_disabled_in_public,RLS Disabled in Public,ERROR,EXTERNAL,"[""SECURITY""]",Detects cases where row level security (RLS) has not been enabled on tables in schemas exposed to PostgREST,"Table \`public.academy_settings\` is public, but RLS has not been enabled.",https://supabase.com/docs/guides/database/database-linter?lint=0013_rls_disabled_in_public,"{""name"":""academy_settings"",""type"":""table"",""schema"":""public""}",rls_disabled_in_public_public_academy_settings
rls_disabled_in_public,RLS Disabled in Public,ERROR,EXTERNAL,"[""SECURITY""]",Detects cases where row level security (RLS) has not been enabled on tables in schemas exposed to PostgREST,"Table \`public.coach_payouts\` is public, but RLS has not been enabled.",https://supabase.com/docs/guides/database/database-linter?lint=0013_rls_disabled_in_public,"{""name"":""coach_payouts"",""type"":""table"",""schema"":""public""}",rls_disabled_in_public_public_coach_payouts
rls_disabled_in_public,RLS Disabled in Public,ERROR,EXTERNAL,"[""SECURITY""]",Detects cases where row level security (RLS) has not been enabled on tables in schemas exposed to PostgREST,"Table \`public.audit_logs\` is public, but RLS has not been enabled.",https://supabase.com/docs/guides/database/database-linter?lint=0013_rls_disabled_in_public,"{""name"":""audit_logs"",""type"":""table"",""schema"":""public""}",rls_disabled_in_public_public_audit_logs
rls_disabled_in_public,RLS Disabled in Public,ERROR,EXTERNAL,"[""SECURITY""]",Detects cases where row level security (RLS) has not been enabled on tables in schemas exposed to PostgREST,"Table \`public.adult_glow_matches\` is public, but RLS has not been enabled.",https://supabase.com/docs/guides/database/database-linter?lint=0013_rls_disabled_in_public,"{""name"":""adult_glow_matches"",""type"":""table"",""schema"":""public""}",rls_disabled_in_public_public_adult_glow_matches
rls_disabled_in_public,RLS Disabled in Public,ERROR,EXTERNAL,"[""SECURITY""]",Detects cases where row level security (RLS) has not been enabled on tables in schemas exposed to PostgREST,"Table \`public.badges\` is public, but RLS has not been enabled.",https://supabase.com/docs/guides/database/database-linter?lint=0013_rls_disabled_in_public,"{""name"":""badges"",""type"":""table"",""schema"":""public""}",rls_disabled_in_public_public_badges
rls_disabled_in_public,RLS Disabled in Public,ERROR,EXTERNAL,"[""SECURITY""]",Detects cases where row level security (RLS) has not been enabled on tables in schemas exposed to PostgREST,"Table \`public.ball_levels\` is public, but RLS has not been enabled.",https://supabase.com/docs/guides/database/database-linter?lint=0013_rls_disabled_in_public,"{""name"":""ball_levels"",""type"":""table"",""schema"":""public""}",rls_disabled_in_public_public_ball_levels
rls_disabled_in_public,RLS Disabled in Public,ERROR,EXTERNAL,"[""SECURITY""]",Detects cases where row level security (RLS) has not been enabled on tables in schemas exposed to PostgREST,"Table \`public.coach_academy_memberships\` is public, but RLS has not been enabled.",https://supabase.com/docs/guides/database/database-linter?lint=0013_rls_disabled_in_public,"{""name"":""coach_academy_memberships"",""type"":""table"",""schema"":""public""}",rls_disabled_in_public_public_coach_academy_memberships
rls_disabled_in_public,RLS Disabled in Public,ERROR,EXTERNAL,"[""SECURITY""]",Detects cases where row level security (RLS) has not been enabled on tables in schemas exposed to PostgREST,"Table \`public.coach_availability\` is public, but RLS has not been enabled.",https://supabase.com/docs/guides/database/database-linter?lint=0013_rls_disabled_in_public,"{""name"":""coach_availability"",""type"":""table"",""schema"":""public""}",rls_disabled_in_public_public_coach_availability
rls_disabled_in_public,RLS Disabled in Public,ERROR,EXTERNAL,"[""SECURITY""]",Detects cases where row level security (RLS) has not been enabled on tables in schemas exposed to PostgREST,"Table \`public.coach_reviews\` is public, but RLS has not been enabled.",https://supabase.com/docs/guides/database/database-linter?lint=0013_rls_disabled_in_public,"{""name"":""coach_reviews"",""type"":""table"",""schema"":""public""}",rls_disabled_in_public_public_coach_reviews
rls_disabled_in_public,RLS Disabled in Public,ERROR,EXTERNAL,"[""SECURITY""]",Detects cases where row level security (RLS) has not been enabled on tables in schemas exposed to PostgREST,"Table \`public.coach_settings\` is public, but RLS has not been enabled.",https://supabase.com/docs/guides/database/database-linter?lint=0013_rls_disabled_in_public,"{""name"":""coach_settings"",""type"":""table"",""schema"":""public""}",rls_disabled_in_public_public_coach_settings
rls_disabled_in_public,RLS Disabled in Public,ERROR,EXTERNAL,"[""SECURITY""]",Detects cases where row level security (RLS) has not been enabled on tables in schemas exposed to PostgREST,"Table \`public.coach_contracts\` is public, but RLS has not been enabled.",https://supabase.com/docs/guides/database/database-linter?lint=0013_rls_disabled_in_public,"{""name"":""coach_contracts"",""type"":""table"",""schema"":""public""}",rls_disabled_in_public_public_coach_contracts
rls_disabled_in_public,RLS Disabled in Public,ERROR,EXTERNAL,"[""SECURITY""]",Detects cases where row level security (RLS) has not been enabled on tables in schemas exposed to PostgREST,"Table \`public.coach_stats_rollup\` is public, but RLS has not been enabled.",https://supabase.com/docs/guides/database/database-linter?lint=0013_rls_disabled_in_public,"{""name"":""coach_stats_rollup"",""type"":""table"",""schema"":""public""}",rls_disabled_in_public_public_coach_stats_rollup
rls_disabled_in_public,RLS Disabled in Public,ERROR,EXTERNAL,"[""SECURITY""]",Detects cases where row level security (RLS) has not been enabled on tables in schemas exposed to PostgREST,"Table \`public.coach_time_blocks\` is public, but RLS has not been enabled.",https://supabase.com/docs/guides/database/database-linter?lint=0013_rls_disabled_in_public,"{""name"":""coach_time_blocks"",""type"":""table"",""schema"":""public""}",rls_disabled_in_public_public_coach_time_blocks
rls_disabled_in_public,RLS Disabled in Public,ERROR,EXTERNAL,"[""SECURITY""]",Detects cases where row level security (RLS) has not been enabled on tables in schemas exposed to PostgREST,"Table \`public.coach_xp_transactions\` is public, but RLS has not been enabled.",https://supabase.com/docs/guides/database/database-linter?lint=0013_rls_disabled_in_public,"{""name"":""coach_xp_transactions"",""type"":""table"",""schema"":""public""}",rls_disabled_in_public_public_coach_xp_transactions
rls_disabled_in_public,RLS Disabled in Public,ERROR,EXTERNAL,"[""SECURITY""]",Detects cases where row level security (RLS) has not been enabled on tables in schemas exposed to PostgREST,"Table \`public.location_travel_times\` is public, but RLS has not been enabled.",https://supabase.com/docs/guides/database/database-linter?lint=0013_rls_disabled_in_public,"{""name"":""location_travel_times"",""type"":""table"",""schema"":""public""}",rls_disabled_in_public_public_location_travel_times
rls_disabled_in_public,RLS Disabled in Public,ERROR,EXTERNAL,"[""SECURITY""]",Detects cases where row level security (RLS) has not been enabled on tables in schemas exposed to PostgREST,"Table \`public.coach_notifications\` is public, but RLS has not been enabled.",https://supabase.com/docs/guides/database/database-linter?lint=0013_rls_disabled_in_public,"{""name"":""coach_notifications"",""type"":""table"",""schema"":""public""}",rls_disabled_in_public_public_coach_notifications
rls_disabled_in_public,RLS Disabled in Public,ERROR,EXTERNAL,"[""SECURITY""]",Detects cases where row level security (RLS) has not been enabled on tables in schemas exposed to PostgREST,"Table \`public.message_reactions\` is public, but RLS has not been enabled.",https://supabase.com/docs/guides/database/database-linter?lint=0013_rls_disabled_in_public,"{""name"":""message_reactions"",""type"":""table"",""schema"":""public""}",rls_disabled_in_public_public_message_reactions
rls_disabled_in_public,RLS Disabled in Public,ERROR,EXTERNAL,"[""SECURITY""]",Detects cases where row level security (RLS) has not been enabled on tables in schemas exposed to PostgREST,"Table \`public.session_skill_feedback\` is public, but RLS has not been enabled.",https://supabase.com/docs/guides/database/database-linter?lint=0013_rls_disabled_in_public,"{""name"":""session_skill_feedback"",""type"":""table"",""schema"":""public""}",rls_disabled_in_public_public_session_skill_feedback
rls_disabled_in_public,RLS Disabled in Public,ERROR,EXTERNAL,"[""SECURITY""]",Detects cases where row level security (RLS) has not been enabled on tables in schemas exposed to PostgREST,"Table \`public.coaches\` is public, but RLS has not been enabled.",https://supabase.com/docs/guides/database/database-linter?lint=0013_rls_disabled_in_public,"{""name"":""coaches"",""type"":""table"",""schema"":""public""}",rls_disabled_in_public_public_coaches
rls_disabled_in_public,RLS Disabled in Public,ERROR,EXTERNAL,"[""SECURITY""]",Detects cases where row level security (RLS) has not been enabled on tables in schemas exposed to PostgREST,"Table \`public.session_skill_observations\` is public, but RLS has not been enabled.",https://supabase.com/docs/guides/database/database-linter?lint=0013_rls_disabled_in_public,"{""name"":""session_skill_observations"",""type"":""table"",""schema"":""public""}",rls_disabled_in_public_public_session_skill_observations
rls_disabled_in_public,RLS Disabled in Public,ERROR,EXTERNAL,"[""SECURITY""]",Detects cases where row level security (RLS) has not been enabled on tables in schemas exposed to PostgREST,"Table \`public.booking_invite_guests\` is public, but RLS has not been enabled.",https://supabase.com/docs/guides/database/database-linter?lint=0013_rls_disabled_in_public,"{""name"":""booking_invite_guests"",""type"":""table"",""schema"":""public""}",rls_disabled_in_public_public_booking_invite_guests
rls_disabled_in_public,RLS Disabled in Public,ERROR,EXTERNAL,"[""SECURITY""]",Detects cases where row level security (RLS) has not been enabled on tables in schemas exposed to PostgREST,"Table \`public.booking_invites\` is public, but RLS has not been enabled.",https://supabase.com/docs/guides/database/database-linter?lint=0013_rls_disabled_in_public,"{""name"":""booking_invites"",""type"":""table"",""schema"":""public""}",rls_disabled_in_public_public_booking_invites
rls_disabled_in_public,RLS Disabled in Public,ERROR,EXTERNAL,"[""SECURITY""]",Detects cases where row level security (RLS) has not been enabled on tables in schemas exposed to PostgREST,"Table \`public.coaching_series\` is public, but RLS has not been enabled.",https://supabase.com/docs/guides/database/database-linter?lint=0013_rls_disabled_in_public,"{""name"":""coaching_series"",""type"":""table"",""schema"":""public""}",rls_disabled_in_public_public_coaching_series
rls_disabled_in_public,RLS Disabled in Public,ERROR,EXTERNAL,"[""SECURITY""]",Detects cases where row level security (RLS) has not been enabled on tables in schemas exposed to PostgREST,"Table \`public.conversations\` is public, but RLS has not been enabled.",https://supabase.com/docs/guides/database/database-linter?lint=0013_rls_disabled_in_public,"{""name"":""conversations"",""type"":""table"",""schema"":""public""}",rls_disabled_in_public_public_conversations
rls_disabled_in_public,RLS Disabled in Public,ERROR,EXTERNAL,"[""SECURITY""]",Detects cases where row level security (RLS) has not been enabled on tables in schemas exposed to PostgREST,"Table \`public.lesson_group_members\` is public, but RLS has not been enabled.",https://supabase.com/docs/guides/database/database-linter?lint=0013_rls_disabled_in_public,"{""name"":""lesson_group_members"",""type"":""table"",""schema"":""public""}",rls_disabled_in_public_public_lesson_group_members
rls_disabled_in_public,RLS Disabled in Public,ERROR,EXTERNAL,"[""SECURITY""]",Detects cases where row level security (RLS) has not been enabled on tables in schemas exposed to PostgREST,"Table \`public.credit_transactions\` is public, but RLS has not been enabled.",https://supabase.com/docs/guides/database/database-linter?lint=0013_rls_disabled_in_public,"{""name"":""credit_transactions"",""type"":""table"",""schema"":""public""}",rls_disabled_in_public_public_credit_transactions
rls_disabled_in_public,RLS Disabled in Public,ERROR,EXTERNAL,"[""SECURITY""]",Detects cases where row level security (RLS) has not been enabled on tables in schemas exposed to PostgREST,"Table \`public.daily_quest_slots\` is public, but RLS has not been enabled.",https://supabase.com/docs/guides/database/database-linter?lint=0013_rls_disabled_in_public,"{""name"":""daily_quest_slots"",""type"":""table"",""schema"":""public""}",rls_disabled_in_public_public_daily_quest_slots
rls_disabled_in_public,RLS Disabled in Public,ERROR,EXTERNAL,"[""SECURITY""]",Detects cases where row level security (RLS) has not been enabled on tables in schemas exposed to PostgREST,"Table \`public.marketplace_listings\` is public, but RLS has not been enabled.",https://supabase.com/docs/guides/database/database-linter?lint=0013_rls_disabled_in_public,"{""name"":""marketplace_listings"",""type"":""table"",""schema"":""public""}",rls_disabled_in_public_public_marketplace_listings
rls_disabled_in_public,RLS Disabled in Public,ERROR,EXTERNAL,"[""SECURITY""]",Detects cases where row level security (RLS) has not been enabled on tables in schemas exposed to PostgREST,"Table \`public.marketplace_messages\` is public, but RLS has not been enabled.",https://supabase.com/docs/guides/database/database-linter?lint=0013_rls_disabled_in_public,"{""name"":""marketplace_messages"",""type"":""table"",""schema"":""public""}",rls_disabled_in_public_public_marketplace_messages
rls_disabled_in_public,RLS Disabled in Public,ERROR,EXTERNAL,"[""SECURITY""]",Detects cases where row level security (RLS) has not been enabled on tables in schemas exposed to PostgREST,"Table \`public.match_opponents\` is public, but RLS has not been enabled.",https://supabase.com/docs/guides/database/database-linter?lint=0013_rls_disabled_in_public,"{""name"":""match_opponents"",""type"":""table"",""schema"":""public""}",rls_disabled_in_public_public_match_opponents
rls_disabled_in_public,RLS Disabled in Public,ERROR,EXTERNAL,"[""SECURITY""]",Detects cases where row level security (RLS) has not been enabled on tables in schemas exposed to PostgREST,"Table \`public.lesson_templates\` is public, but RLS has not been enabled.",https://supabase.com/docs/guides/database/database-linter?lint=0013_rls_disabled_in_public,"{""name"":""lesson_templates"",""type"":""table"",""schema"":""public""}",rls_disabled_in_public_public_lesson_templates
rls_disabled_in_public,RLS Disabled in Public,ERROR,EXTERNAL,"[""SECURITY""]",Detects cases where row level security (RLS) has not been enabled on tables in schemas exposed to PostgREST,"Table \`public.level_skills\` is public, but RLS has not been enabled.",https://supabase.com/docs/guides/database/database-linter?lint=0013_rls_disabled_in_public,"{""name"":""level_skills"",""type"":""table"",""schema"":""public""}",rls_disabled_in_public_public_level_skills
rls_disabled_in_public,RLS Disabled in Public,ERROR,EXTERNAL,"[""SECURITY""]",Detects cases where row level security (RLS) has not been enabled on tables in schemas exposed to PostgREST,"Table \`public.level_tests\` is public, but RLS has not been enabled.",https://supabase.com/docs/guides/database/database-linter?lint=0013_rls_disabled_in_public,"{""name"":""level_tests"",""type"":""table"",""schema"":""public""}",rls_disabled_in_public_public_level_tests
rls_disabled_in_public,RLS Disabled in Public,ERROR,EXTERNAL,"[""SECURITY""]",Detects cases where row level security (RLS) has not been enabled on tables in schemas exposed to PostgREST,"Table \`public.lesson_groups\` is public, but RLS has not been enabled.",https://supabase.com/docs/guides/database/database-linter?lint=0013_rls_disabled_in_public,"{""name"":""lesson_groups"",""type"":""table"",""schema"":""public""}",rls_disabled_in_public_public_lesson_groups
rls_disabled_in_public,RLS Disabled in Public,ERROR,EXTERNAL,"[""SECURITY""]",Detects cases where row level security (RLS) has not been enabled on tables in schemas exposed to PostgREST,"Table \`public.marketplace_favorites\` is public, but RLS has not been enabled.",https://supabase.com/docs/guides/database/database-linter?lint=0013_rls_disabled_in_public,"{""name"":""marketplace_favorites"",""type"":""table"",""schema"":""public""}",rls_disabled_in_public_public_marketplace_favorites
rls_disabled_in_public,RLS Disabled in Public,ERROR,EXTERNAL,"[""SECURITY""]",Detects cases where row level security (RLS) has not been enabled on tables in schemas exposed to PostgREST,"Table \`public.match_plans\` is public, but RLS has not been enabled.",https://supabase.com/docs/guides/database/database-linter?lint=0013_rls_disabled_in_public,"{""name"":""match_plans"",""type"":""table"",""schema"":""public""}",rls_disabled_in_public_public_match_plans
rls_disabled_in_public,RLS Disabled in Public,ERROR,EXTERNAL,"[""SECURITY""]",Detects cases where row level security (RLS) has not been enabled on tables in schemas exposed to PostgREST,"Table \`public.match_reflections\` is public, but RLS has not been enabled.",https://supabase.com/docs/guides/database/database-linter?lint=0013_rls_disabled_in_public,"{""name"":""match_reflections"",""type"":""table"",""schema"":""public""}",rls_disabled_in_public_public_match_reflections
rls_disabled_in_public,RLS Disabled in Public,ERROR,EXTERNAL,"[""SECURITY""]",Detects cases where row level security (RLS) has not been enabled on tables in schemas exposed to PostgREST,"Table \`public.match_training_suggestions\` is public, but RLS has not been enabled.",https://supabase.com/docs/guides/database/database-linter?lint=0013_rls_disabled_in_public,"{""name"":""match_training_suggestions"",""type"":""table"",""schema"":""public""}",rls_disabled_in_public_public_match_training_suggestions
rls_disabled_in_public,RLS Disabled in Public,ERROR,EXTERNAL,"[""SECURITY""]",Detects cases where row level security (RLS) has not been enabled on tables in schemas exposed to PostgREST,"Table \`public.open_match_slots\` is public, but RLS has not been enabled.",https://supabase.com/docs/guides/database/database-linter?lint=0013_rls_disabled_in_public,"{""name"":""open_match_slots"",""type"":""table"",""schema"":""public""}",rls_disabled_in_public_public_open_match_slots
rls_disabled_in_public,RLS Disabled in Public,ERROR,EXTERNAL,"[""SECURITY""]",Detects cases where row level security (RLS) has not been enabled on tables in schemas exposed to PostgREST,"Table \`public.open_matches\` is public, but RLS has not been enabled.",https://supabase.com/docs/guides/database/database-linter?lint=0013_rls_disabled_in_public,"{""name"":""open_matches"",""type"":""table"",""schema"":""public""}",rls_disabled_in_public_public_open_matches
rls_disabled_in_public,RLS Disabled in Public,ERROR,EXTERNAL,"[""SECURITY""]",Detects cases where row level security (RLS) has not been enabled on tables in schemas exposed to PostgREST,"Table \`public.matches\` is public, but RLS has not been enabled.",https://supabase.com/docs/guides/database/database-linter?lint=0013_rls_disabled_in_public,"{""name"":""matches"",""type"":""table"",""schema"":""public""}",rls_disabled_in_public_public_matches
rls_disabled_in_public,RLS Disabled in Public,ERROR,EXTERNAL,"[""SECURITY""]",Detects cases where row level security (RLS) has not been enabled on tables in schemas exposed to PostgREST,"Table \`public.notification_preferences\` is public, but RLS has not been enabled.",https://supabase.com/docs/guides/database/database-linter?lint=0013_rls_disabled_in_public,"{""name"":""notification_preferences"",""type"":""table"",""schema"":""public""}",rls_disabled_in_public_public_notification_preferences
rls_disabled_in_public,RLS Disabled in Public,ERROR,EXTERNAL,"[""SECURITY""]",Detects cases where row level security (RLS) has not been enabled on tables in schemas exposed to PostgREST,"Table \`public.payment_reminders\` is public, but RLS has not been enabled.",https://supabase.com/docs/guides/database/database-linter?lint=0013_rls_disabled_in_public,"{""name"":""payment_reminders"",""type"":""table"",""schema"":""public""}",rls_disabled_in_public_public_payment_reminders
rls_disabled_in_public,RLS Disabled in Public,ERROR,EXTERNAL,"[""SECURITY""]",Detects cases where row level security (RLS) has not been enabled on tables in schemas exposed to PostgREST,"Table \`public.player_booking_preferences\` is public, but RLS has not been enabled.",https://supabase.com/docs/guides/database/database-linter?lint=0013_rls_disabled_in_public,"{""name"":""player_booking_preferences"",""type"":""table"",""schema"":""public""}",rls_disabled_in_public_public_player_booking_preferences
rls_disabled_in_public,RLS Disabled in Public,ERROR,EXTERNAL,"[""SECURITY""]",Detects cases where row level security (RLS) has not been enabled on tables in schemas exposed to PostgREST,"Table \`public.player_holidays\` is public, but RLS has not been enabled.",https://supabase.com/docs/guides/database/database-linter?lint=0013_rls_disabled_in_public,"{""name"":""player_holidays"",""type"":""table"",""schema"":""public""}",rls_disabled_in_public_public_player_holidays
rls_disabled_in_public,RLS Disabled in Public,ERROR,EXTERNAL,"[""SECURITY""]",Detects cases where row level security (RLS) has not been enabled on tables in schemas exposed to PostgREST,"Table \`public.packages\` is public, but RLS has not been enabled.",https://supabase.com/docs/guides/database/database-linter?lint=0013_rls_disabled_in_public,"{""name"":""packages"",""type"":""table"",""schema"":""public""}",rls_disabled_in_public_public_packages
rls_disabled_in_public,RLS Disabled in Public,ERROR,EXTERNAL,"[""SECURITY""]",Detects cases where row level security (RLS) has not been enabled on tables in schemas exposed to PostgREST,"Table \`public.parent_player_relations\` is public, but RLS has not been enabled.",https://supabase.com/docs/guides/database/database-linter?lint=0013_rls_disabled_in_public,"{""name"":""parent_player_relations"",""type"":""table"",""schema"":""public""}",rls_disabled_in_public_public_parent_player_relations
rls_disabled_in_public,RLS Disabled in Public,ERROR,EXTERNAL,"[""SECURITY""]",Detects cases where row level security (RLS) has not been enabled on tables in schemas exposed to PostgREST,"Table \`public.player_invites\` is public, but RLS has not been enabled.",https://supabase.com/docs/guides/database/database-linter?lint=0013_rls_disabled_in_public,"{""name"":""player_invites"",""type"":""table"",""schema"":""public""}",rls_disabled_in_public_public_player_invites
rls_disabled_in_public,RLS Disabled in Public,ERROR,EXTERNAL,"[""SECURITY""]",Detects cases where row level security (RLS) has not been enabled on tables in schemas exposed to PostgREST,"Table \`public.player_level_events\` is public, but RLS has not been enabled.",https://supabase.com/docs/guides/database/database-linter?lint=0013_rls_disabled_in_public,"{""name"":""player_level_events"",""type"":""table"",""schema"":""public""}",rls_disabled_in_public_public_player_level_events
rls_disabled_in_public,RLS Disabled in Public,ERROR,EXTERNAL,"[""SECURITY""]",Detects cases where row level security (RLS) has not been enabled on tables in schemas exposed to PostgREST,"Table \`public.player_level_up_celebrations\` is public, but RLS has not been enabled.",https://supabase.com/docs/guides/database/database-linter?lint=0013_rls_disabled_in_public,"{""name"":""player_level_up_celebrations"",""type"":""table"",""schema"":""public""}",rls_disabled_in_public_public_player_level_up_celebrations
rls_disabled_in_public,RLS Disabled in Public,ERROR,EXTERNAL,"[""SECURITY""]",Detects cases where row level security (RLS) has not been enabled on tables in schemas exposed to PostgREST,"Table \`public.player_connections\` is public, but RLS has not been enabled.",https://supabase.com/docs/guides/database/database-linter?lint=0013_rls_disabled_in_public,"{""name"":""player_connections"",""type"":""table"",""schema"":""public""}",rls_disabled_in_public_public_player_connections
rls_disabled_in_public,RLS Disabled in Public,ERROR,EXTERNAL,"[""SECURITY""]",Detects cases where row level security (RLS) has not been enabled on tables in schemas exposed to PostgREST,"Table \`public.player_pillar_progress\` is public, but RLS has not been enabled.",https://supabase.com/docs/guides/database/database-linter?lint=0013_rls_disabled_in_public,"{""name"":""player_pillar_progress"",""type"":""table"",""schema"":""public""}",rls_disabled_in_public_public_player_pillar_progress
rls_disabled_in_public,RLS Disabled in Public,ERROR,EXTERNAL,"[""SECURITY""]",Detects cases where row level security (RLS) has not been enabled on tables in schemas exposed to PostgREST,"Table \`public.session_players\` is public, but RLS has not been enabled.",https://supabase.com/docs/guides/database/database-linter?lint=0013_rls_disabled_in_public,"{""name"":""session_players"",""type"":""table"",""schema"":""public""}",rls_disabled_in_public_public_session_players
rls_disabled_in_public,RLS Disabled in Public,ERROR,EXTERNAL,"[""SECURITY""]",Detects cases where row level security (RLS) has not been enabled on tables in schemas exposed to PostgREST,"Table \`public.session_waitlist\` is public, but RLS has not been enabled.",https://supabase.com/docs/guides/database/database-linter?lint=0013_rls_disabled_in_public,"{""name"":""session_waitlist"",""type"":""table"",""schema"":""public""}",rls_disabled_in_public_public_session_waitlist
rls_disabled_in_public,RLS Disabled in Public,ERROR,EXTERNAL,"[""SECURITY""]",Detects cases where row level security (RLS) has not been enabled on tables in schemas exposed to PostgREST,"Table \`public.player_notes\` is public, but RLS has not been enabled.",https://supabase.com/docs/guides/database/database-linter?lint=0013_rls_disabled_in_public,"{""name"":""player_notes"",""type"":""table"",""schema"":""public""}",rls_disabled_in_public_public_player_notes
rls_disabled_in_public,RLS Disabled in Public,ERROR,EXTERNAL,"[""SECURITY""]",Detects cases where row level security (RLS) has not been enabled on tables in schemas exposed to PostgREST,"Table \`public.player_matches\` is public, but RLS has not been enabled.",https://supabase.com/docs/guides/database/database-linter?lint=0013_rls_disabled_in_public,"{""name"":""player_matches"",""type"":""table"",""schema"":""public""}",rls_disabled_in_public_public_player_matches
rls_disabled_in_public,RLS Disabled in Public,ERROR,EXTERNAL,"[""SECURITY""]",Detects cases where row level security (RLS) has not been enabled on tables in schemas exposed to PostgREST,"Table \`public.player_progress_flags\` is public, but RLS has not been enabled.",https://supabase.com/docs/guides/database/database-linter?lint=0013_rls_disabled_in_public,"{""name"":""player_progress_flags"",""type"":""table"",""schema"":""public""}",rls_disabled_in_public_public_player_progress_flags
rls_disabled_in_public,RLS Disabled in Public,ERROR,EXTERNAL,"[""SECURITY""]",Detects cases where row level security (RLS) has not been enabled on tables in schemas exposed to PostgREST,"Table \`public.player_quests\` is public, but RLS has not been enabled.",https://supabase.com/docs/guides/database/database-linter?lint=0013_rls_disabled_in_public,"{""name"":""player_quests"",""type"":""table"",""schema"":""public""}",rls_disabled_in_public_public_player_quests
rls_disabled_in_public,RLS Disabled in Public,ERROR,EXTERNAL,"[""SECURITY""]",Detects cases where row level security (RLS) has not been enabled on tables in schemas exposed to PostgREST,"Table \`public.player_skill_state\` is public, but RLS has not been enabled.",https://supabase.com/docs/guides/database/database-linter?lint=0013_rls_disabled_in_public,"{""name"":""player_skill_state"",""type"":""table"",""schema"":""public""}",rls_disabled_in_public_public_player_skill_state
rls_disabled_in_public,RLS Disabled in Public,ERROR,EXTERNAL,"[""SECURITY""]",Detects cases where row level security (RLS) has not been enabled on tables in schemas exposed to PostgREST,"Table \`public.players\` is public, but RLS has not been enabled.",https://supabase.com/docs/guides/database/database-linter?lint=0013_rls_disabled_in_public,"{""name"":""players"",""type"":""table"",""schema"":""public""}",rls_disabled_in_public_public_players
rls_disabled_in_public,RLS Disabled in Public,ERROR,EXTERNAL,"[""SECURITY""]",Detects cases where row level security (RLS) has not been enabled on tables in schemas exposed to PostgREST,"Table \`public.push_device_tokens\` is public, but RLS has not been enabled.",https://supabase.com/docs/guides/database/database-linter?lint=0013_rls_disabled_in_public,"{""name"":""push_device_tokens"",""type"":""table"",""schema"":""public""}",rls_disabled_in_public_public_push_device_tokens
rls_disabled_in_public,RLS Disabled in Public,ERROR,EXTERNAL,"[""SECURITY""]",Detects cases where row level security (RLS) has not been enabled on tables in schemas exposed to PostgREST,"Table \`public.player_subscriptions\` is public, but RLS has not been enabled.",https://supabase.com/docs/guides/database/database-linter?lint=0013_rls_disabled_in_public,"{""name"":""player_subscriptions"",""type"":""table"",""schema"":""public""}",rls_disabled_in_public_public_player_subscriptions
rls_disabled_in_public,RLS Disabled in Public,ERROR,EXTERNAL,"[""SECURITY""]",Detects cases where row level security (RLS) has not been enabled on tables in schemas exposed to PostgREST,"Table \`public.player_titles\` is public, but RLS has not been enabled.",https://supabase.com/docs/guides/database/database-linter?lint=0013_rls_disabled_in_public,"{""name"":""player_titles"",""type"":""table"",""schema"":""public""}",rls_disabled_in_public_public_player_titles
rls_disabled_in_public,RLS Disabled in Public,ERROR,EXTERNAL,"[""SECURITY""]",Detects cases where row level security (RLS) has not been enabled on tables in schemas exposed to PostgREST,"Table \`public.xp_transactions\` is public, but RLS has not been enabled.",https://supabase.com/docs/guides/database/database-linter?lint=0013_rls_disabled_in_public,"{""name"":""xp_transactions"",""type"":""table"",""schema"":""public""}",rls_disabled_in_public_public_xp_transactions
rls_disabled_in_public,RLS Disabled in Public,ERROR,EXTERNAL,"[""SECURITY""]",Detects cases where row level security (RLS) has not been enabled on tables in schemas exposed to PostgREST,"Table \`public.recurring_series\` is public, but RLS has not been enabled.",https://supabase.com/docs/guides/database/database-linter?lint=0013_rls_disabled_in_public,"{""name"":""recurring_series"",""type"":""table"",""schema"":""public""}",rls_disabled_in_public_public_recurring_series
rls_disabled_in_public,RLS Disabled in Public,ERROR,EXTERNAL,"[""SECURITY""]",Detects cases where row level security (RLS) has not been enabled on tables in schemas exposed to PostgREST,"Table \`public.review_prompts\` is public, but RLS has not been enabled.",https://supabase.com/docs/guides/database/database-linter?lint=0013_rls_disabled_in_public,"{""name"":""review_prompts"",""type"":""table"",""schema"":""public""}",rls_disabled_in_public_public_review_prompts
rls_disabled_in_public,RLS Disabled in Public,ERROR,EXTERNAL,"[""SECURITY""]",Detects cases where row level security (RLS) has not been enabled on tables in schemas exposed to PostgREST,"Table \`public.scheduled_notifications\` is public, but RLS has not been enabled.",https://supabase.com/docs/guides/database/database-linter?lint=0013_rls_disabled_in_public,"{""name"":""scheduled_notifications"",""type"":""table"",""schema"":""public""}",rls_disabled_in_public_public_scheduled_notifications
rls_disabled_in_public,RLS Disabled in Public,ERROR,EXTERNAL,"[""SECURITY""]",Detects cases where row level security (RLS) has not been enabled on tables in schemas exposed to PostgREST,"Table \`public.group_members\` is public, but RLS has not been enabled.",https://supabase.com/docs/guides/database/database-linter?lint=0013_rls_disabled_in_public,"{""name"":""group_members"",""type"":""table"",""schema"":""public""}",rls_disabled_in_public_public_group_members
rls_disabled_in_public,RLS Disabled in Public,ERROR,EXTERNAL,"[""SECURITY""]",Detects cases where row level security (RLS) has not been enabled on tables in schemas exposed to PostgREST,"Table \`public.posts\` is public, but RLS has not been enabled.",https://supabase.com/docs/guides/database/database-linter?lint=0013_rls_disabled_in_public,"{""name"":""posts"",""type"":""table"",""schema"":""public""}",rls_disabled_in_public_public_posts
rls_disabled_in_public,RLS Disabled in Public,ERROR,EXTERNAL,"[""SECURITY""]",Detects cases where row level security (RLS) has not been enabled on tables in schemas exposed to PostgREST,"Table \`public.session_templates\` is public, but RLS has not been enabled.",https://supabase.com/docs/guides/database/database-linter?lint=0013_rls_disabled_in_public,"{""name"":""session_templates"",""type"":""table"",""schema"":""public""}",rls_disabled_in_public_public_session_templates
rls_disabled_in_public,RLS Disabled in Public,ERROR,EXTERNAL,"[""SECURITY""]",Detects cases where row level security (RLS) has not been enabled on tables in schemas exposed to PostgREST,"Table \`public.sessions\` is public, but RLS has not been enabled.",https://supabase.com/docs/guides/database/database-linter?lint=0013_rls_disabled_in_public,"{""name"":""sessions"",""type"":""table"",""schema"":""public""}",rls_disabled_in_public_public_sessions
rls_disabled_in_public,RLS Disabled in Public,ERROR,EXTERNAL,"[""SECURITY""]",Detects cases where row level security (RLS) has not been enabled on tables in schemas exposed to PostgREST,"Table \`public.series_players\` is public, but RLS has not been enabled.",https://supabase.com/docs/guides/database/database-linter?lint=0013_rls_disabled_in_public,"{""name"":""series_players"",""type"":""table"",""schema"":""public""}",rls_disabled_in_public_public_series_players
rls_disabled_in_public,RLS Disabled in Public,ERROR,EXTERNAL,"[""SECURITY""]",Detects cases where row level security (RLS) has not been enabled on tables in schemas exposed to PostgREST,"Table \`public.post_reactions\` is public, but RLS has not been enabled.",https://supabase.com/docs/guides/database/database-linter?lint=0013_rls_disabled_in_public,"{""name"":""post_reactions"",""type"":""table"",""schema"":""public""}",rls_disabled_in_public_public_post_reactions
rls_disabled_in_public,RLS Disabled in Public,ERROR,EXTERNAL,"[""SECURITY""]",Detects cases where row level security (RLS) has not been enabled on tables in schemas exposed to PostgREST,"Table \`public.shop_orders\` is public, but RLS has not been enabled.",https://supabase.com/docs/guides/database/database-linter?lint=0013_rls_disabled_in_public,"{""name"":""shop_orders"",""type"":""table"",""schema"":""public""}",rls_disabled_in_public_public_shop_orders
rls_disabled_in_public,RLS Disabled in Public,ERROR,EXTERNAL,"[""SECURITY""]",Detects cases where row level security (RLS) has not been enabled on tables in schemas exposed to PostgREST,"Table \`public.court_availability\` is public, but RLS has not been enabled.",https://supabase.com/docs/guides/database/database-linter?lint=0013_rls_disabled_in_public,"{""name"":""court_availability"",""type"":""table"",""schema"":""public""}",rls_disabled_in_public_public_court_availability
rls_disabled_in_public,RLS Disabled in Public,ERROR,EXTERNAL,"[""SECURITY""]",Detects cases where row level security (RLS) has not been enabled on tables in schemas exposed to PostgREST,"Table \`public.diagnostic_reports\` is public, but RLS has not been enabled.",https://supabase.com/docs/guides/database/database-linter?lint=0013_rls_disabled_in_public,"{""name"":""diagnostic_reports"",""type"":""table"",""schema"":""public""}",rls_disabled_in_public_public_diagnostic_reports
rls_disabled_in_public,RLS Disabled in Public,ERROR,EXTERNAL,"[""SECURITY""]",Detects cases where row level security (RLS) has not been enabled on tables in schemas exposed to PostgREST,"Table \`public.glow_skills\` is public, but RLS has not been enabled.",https://supabase.com/docs/guides/database/database-linter?lint=0013_rls_disabled_in_public,"{""name"":""glow_skills"",""type"":""table"",""schema"":""public""}",rls_disabled_in_public_public_glow_skills
rls_disabled_in_public,RLS Disabled in Public,ERROR,EXTERNAL,"[""SECURITY""]",Detects cases where row level security (RLS) has not been enabled on tables in schemas exposed to PostgREST,"Table \`public.academy_transfer_requests\` is public, but RLS has not been enabled.",https://supabase.com/docs/guides/database/database-linter?lint=0013_rls_disabled_in_public,"{""name"":""academy_transfer_requests"",""type"":""table"",""schema"":""public""}",rls_disabled_in_public_public_academy_transfer_requests
rls_disabled_in_public,RLS Disabled in Public,ERROR,EXTERNAL,"[""SECURITY""]",Detects cases where row level security (RLS) has not been enabled on tables in schemas exposed to PostgREST,"Table \`public.skill_rubrics\` is public, but RLS has not been enabled.",https://supabase.com/docs/guides/database/database-linter?lint=0013_rls_disabled_in_public,"{""name"":""skill_rubrics"",""type"":""table"",""schema"":""public""}",rls_disabled_in_public_public_skill_rubrics
rls_disabled_in_public,RLS Disabled in Public,ERROR,EXTERNAL,"[""SECURITY""]",Detects cases where row level security (RLS) has not been enabled on tables in schemas exposed to PostgREST,"Table \`public.invites\` is public, but RLS has not been enabled.",https://supabase.com/docs/guides/database/database-linter?lint=0013_rls_disabled_in_public,"{""name"":""invites"",""type"":""table"",""schema"":""public""}",rls_disabled_in_public_public_invites
rls_disabled_in_public,RLS Disabled in Public,ERROR,EXTERNAL,"[""SECURITY""]",Detects cases where row level security (RLS) has not been enabled on tables in schemas exposed to PostgREST,"Table \`public.level_requirements\` is public, but RLS has not been enabled.",https://supabase.com/docs/guides/database/database-linter?lint=0013_rls_disabled_in_public,"{""name"":""level_requirements"",""type"":""table"",""schema"":""public""}",rls_disabled_in_public_public_level_requirements
rls_disabled_in_public,RLS Disabled in Public,ERROR,EXTERNAL,"[""SECURITY""]",Detects cases where row level security (RLS) has not been enabled on tables in schemas exposed to PostgREST,"Table \`public.locations\` is public, but RLS has not been enabled.",https://supabase.com/docs/guides/database/database-linter?lint=0013_rls_disabled_in_public,"{""name"":""locations"",""type"":""table"",""schema"":""public""}",rls_disabled_in_public_public_locations
rls_disabled_in_public,RLS Disabled in Public,ERROR,EXTERNAL,"[""SECURITY""]",Detects cases where row level security (RLS) has not been enabled on tables in schemas exposed to PostgREST,"Table \`public.open_to_play\` is public, but RLS has not been enabled.",https://supabase.com/docs/guides/database/database-linter?lint=0013_rls_disabled_in_public,"{""name"":""open_to_play"",""type"":""table"",""schema"":""public""}",rls_disabled_in_public_public_open_to_play
rls_disabled_in_public,RLS Disabled in Public,ERROR,EXTERNAL,"[""SECURITY""]",Detects cases where row level security (RLS) has not been enabled on tables in schemas exposed to PostgREST,"Table \`public.court_availability_snapshots\` is public, but RLS has not been enabled.",https://supabase.com/docs/guides/database/database-linter?lint=0013_rls_disabled_in_public,"{""name"":""court_availability_snapshots"",""type"":""table"",""schema"":""public""}",rls_disabled_in_public_public_court_availability_snapshots
rls_disabled_in_public,RLS Disabled in Public,ERROR,EXTERNAL,"[""SECURITY""]",Detects cases where row level security (RLS) has not been enabled on tables in schemas exposed to PostgREST,"Table \`public.offline_queue\` is public, but RLS has not been enabled.",https://supabase.com/docs/guides/database/database-linter?lint=0013_rls_disabled_in_public,"{""name"":""offline_queue"",""type"":""table"",""schema"":""public""}",rls_disabled_in_public_public_offline_queue
rls_disabled_in_public,RLS Disabled in Public,ERROR,EXTERNAL,"[""SECURITY""]",Detects cases where row level security (RLS) has not been enabled on tables in schemas exposed to PostgREST,"Table \`public.package_templates\` is public, but RLS has not been enabled.",https://supabase.com/docs/guides/database/database-linter?lint=0013_rls_disabled_in_public,"{""name"":""package_templates"",""type"":""table"",""schema"":""public""}",rls_disabled_in_public_public_package_templates
rls_disabled_in_public,RLS Disabled in Public,ERROR,EXTERNAL,"[""SECURITY""]",Detects cases where row level security (RLS) has not been enabled on tables in schemas exposed to PostgREST,"Table \`public.platform_config\` is public, but RLS has not been enabled.",https://supabase.com/docs/guides/database/database-linter?lint=0013_rls_disabled_in_public,"{""name"":""platform_config"",""type"":""table"",""schema"":""public""}",rls_disabled_in_public_public_platform_config
rls_disabled_in_public,RLS Disabled in Public,ERROR,EXTERNAL,"[""SECURITY""]",Detects cases where row level security (RLS) has not been enabled on tables in schemas exposed to PostgREST,"Table \`public.parent_settings\` is public, but RLS has not been enabled.",https://supabase.com/docs/guides/database/database-linter?lint=0013_rls_disabled_in_public,"{""name"":""parent_settings"",""type"":""table"",""schema"":""public""}",rls_disabled_in_public_public_parent_settings
rls_disabled_in_public,RLS Disabled in Public,ERROR,EXTERNAL,"[""SECURITY""]",Detects cases where row level security (RLS) has not been enabled on tables in schemas exposed to PostgREST,"Table \`public.player_feature_unlocks\` is public, but RLS has not been enabled.",https://supabase.com/docs/guides/database/database-linter?lint=0013_rls_disabled_in_public,"{""name"":""player_feature_unlocks"",""type"":""table"",""schema"":""public""}",rls_disabled_in_public_public_player_feature_unlocks
rls_disabled_in_public,RLS Disabled in Public,ERROR,EXTERNAL,"[""SECURITY""]",Detects cases where row level security (RLS) has not been enabled on tables in schemas exposed to PostgREST,"Table \`public.player_level_thresholds\` is public, but RLS has not been enabled.",https://supabase.com/docs/guides/database/database-linter?lint=0013_rls_disabled_in_public,"{""name"":""player_level_thresholds"",""type"":""table"",""schema"":""public""}",rls_disabled_in_public_public_player_level_thresholds
rls_disabled_in_public,RLS Disabled in Public,ERROR,EXTERNAL,"[""SECURITY""]",Detects cases where row level security (RLS) has not been enabled on tables in schemas exposed to PostgREST,"Table \`public.player_level_xp_rules\` is public, but RLS has not been enabled.",https://supabase.com/docs/guides/database/database-linter?lint=0013_rls_disabled_in_public,"{""name"":""player_level_xp_rules"",""type"":""table"",""schema"":""public""}",rls_disabled_in_public_public_player_level_xp_rules
rls_disabled_in_public,RLS Disabled in Public,ERROR,EXTERNAL,"[""SECURITY""]",Detects cases where row level security (RLS) has not been enabled on tables in schemas exposed to PostgREST,"Table \`public.quest_templates\` is public, but RLS has not been enabled.",https://supabase.com/docs/guides/database/database-linter?lint=0013_rls_disabled_in_public,"{""name"":""quest_templates"",""type"":""table"",""schema"":""public""}",rls_disabled_in_public_public_quest_templates
rls_disabled_in_public,RLS Disabled in Public,ERROR,EXTERNAL,"[""SECURITY""]",Detects cases where row level security (RLS) has not been enabled on tables in schemas exposed to PostgREST,"Table \`public.role_message_templates\` is public, but RLS has not been enabled.",https://supabase.com/docs/guides/database/database-linter?lint=0013_rls_disabled_in_public,"{""name"":""role_message_templates"",""type"":""table"",""schema"":""public""}",rls_disabled_in_public_public_role_message_templates
rls_disabled_in_public,RLS Disabled in Public,ERROR,EXTERNAL,"[""SECURITY""]",Detects cases where row level security (RLS) has not been enabled on tables in schemas exposed to PostgREST,"Table \`public.courts\` is public, but RLS has not been enabled.",https://supabase.com/docs/guides/database/database-linter?lint=0013_rls_disabled_in_public,"{""name"":""courts"",""type"":""table"",""schema"":""public""}",rls_disabled_in_public_public_courts
rls_disabled_in_public,RLS Disabled in Public,ERROR,EXTERNAL,"[""SECURITY""]",Detects cases where row level security (RLS) has not been enabled on tables in schemas exposed to PostgREST,"Table \`public.skill_domains\` is public, but RLS has not been enabled.",https://supabase.com/docs/guides/database/database-linter?lint=0013_rls_disabled_in_public,"{""name"":""skill_domains"",""type"":""table"",""schema"":""public""}",rls_disabled_in_public_public_skill_domains
rls_disabled_in_public,RLS Disabled in Public,ERROR,EXTERNAL,"[""SECURITY""]",Detects cases where row level security (RLS) has not been enabled on tables in schemas exposed to PostgREST,"Table \`public.shop_categories\` is public, but RLS has not been enabled.",https://supabase.com/docs/guides/database/database-linter?lint=0013_rls_disabled_in_public,"{""name"":""shop_categories"",""type"":""table"",""schema"":""public""}",rls_disabled_in_public_public_shop_categories
rls_disabled_in_public,RLS Disabled in Public,ERROR,EXTERNAL,"[""SECURITY""]",Detects cases where row level security (RLS) has not been enabled on tables in schemas exposed to PostgREST,"Table \`public.shop_products\` is public, but RLS has not been enabled.",https://supabase.com/docs/guides/database/database-linter?lint=0013_rls_disabled_in_public,"{""name"":""shop_products"",""type"":""table"",""schema"":""public""}",rls_disabled_in_public_public_shop_products
rls_disabled_in_public,RLS Disabled in Public,ERROR,EXTERNAL,"[""SECURITY""]",Detects cases where row level security (RLS) has not been enabled on tables in schemas exposed to PostgREST,"Table \`public.shop_services\` is public, but RLS has not been enabled.",https://supabase.com/docs/guides/database/database-linter?lint=0013_rls_disabled_in_public,"{""name"":""shop_services"",""type"":""table"",""schema"":""public""}",rls_disabled_in_public_public_shop_services
rls_disabled_in_public,RLS Disabled in Public,ERROR,EXTERNAL,"[""SECURITY""]",Detects cases where row level security (RLS) has not been enabled on tables in schemas exposed to PostgREST,"Table \`public.session_plans\` is public, but RLS has not been enabled.",https://supabase.com/docs/guides/database/database-linter?lint=0013_rls_disabled_in_public,"{""name"":""session_plans"",""type"":""table"",""schema"":""public""}",rls_disabled_in_public_public_session_plans
rls_disabled_in_public,RLS Disabled in Public,ERROR,EXTERNAL,"[""SECURITY""]",Detects cases where row level security (RLS) has not been enabled on tables in schemas exposed to PostgREST,"Table \`public.session_feedback\` is public, but RLS has not been enabled.",https://supabase.com/docs/guides/database/database-linter?lint=0013_rls_disabled_in_public,"{""name"":""session_feedback"",""type"":""table"",""schema"":""public""}",rls_disabled_in_public_public_session_feedback
rls_disabled_in_public,RLS Disabled in Public,ERROR,EXTERNAL,"[""SECURITY""]",Detects cases where row level security (RLS) has not been enabled on tables in schemas exposed to PostgREST,"Table \`public.subscription_plans\` is public, but RLS has not been enabled.",https://supabase.com/docs/guides/database/database-linter?lint=0013_rls_disabled_in_public,"{""name"":""subscription_plans"",""type"":""table"",""schema"":""public""}",rls_disabled_in_public_public_subscription_plans
rls_disabled_in_public,RLS Disabled in Public,ERROR,EXTERNAL,"[""SECURITY""]",Detects cases where row level security (RLS) has not been enabled on tables in schemas exposed to PostgREST,"Table \`public.subscriptions\` is public, but RLS has not been enabled.",https://supabase.com/docs/guides/database/database-linter?lint=0013_rls_disabled_in_public,"{""name"":""subscriptions"",""type"":""table"",""schema"":""public""}",rls_disabled_in_public_public_subscriptions
rls_disabled_in_public,RLS Disabled in Public,ERROR,EXTERNAL,"[""SECURITY""]",Detects cases where row level security (RLS) has not been enabled on tables in schemas exposed to PostgREST,"Table \`public.titles\` is public, but RLS has not been enabled.",https://supabase.com/docs/guides/database/database-linter?lint=0013_rls_disabled_in_public,"{""name"":""titles"",""type"":""table"",""schema"":""public""}",rls_disabled_in_public_public_titles
rls_disabled_in_public,RLS Disabled in Public,ERROR,EXTERNAL,"[""SECURITY""]",Detects cases where row level security (RLS) has not been enabled on tables in schemas exposed to PostgREST,"Table \`public.academies\` is public, but RLS has not been enabled.",https://supabase.com/docs/guides/database/database-linter?lint=0013_rls_disabled_in_public,"{""name"":""academies"",""type"":""table"",""schema"":""public""}",rls_disabled_in_public_public_academies
rls_disabled_in_public,RLS Disabled in Public,ERROR,EXTERNAL,"[""SECURITY""]",Detects cases where row level security (RLS) has not been enabled on tables in schemas exposed to PostgREST,"Table \`public.adult_skill_assessments\` is public, but RLS has not been enabled.",https://supabase.com/docs/guides/database/database-linter?lint=0013_rls_disabled_in_public,"{""name"":""adult_skill_assessments"",""type"":""table"",""schema"":""public""}",rls_disabled_in_public_public_adult_skill_assessments
rls_disabled_in_public,RLS Disabled in Public,ERROR,EXTERNAL,"[""SECURITY""]",Detects cases where row level security (RLS) has not been enabled on tables in schemas exposed to PostgREST,"Table \`public.community_groups\` is public, but RLS has not been enabled.",https://supabase.com/docs/guides/database/database-linter?lint=0013_rls_disabled_in_public,"{""name"":""community_groups"",""type"":""table"",""schema"":""public""}",rls_disabled_in_public_public_community_groups
rls_disabled_in_public,RLS Disabled in Public,ERROR,EXTERNAL,"[""SECURITY""]",Detects cases where row level security (RLS) has not been enabled on tables in schemas exposed to PostgREST,"Table \`public.post_comments\` is public, but RLS has not been enabled.",https://supabase.com/docs/guides/database/database-linter?lint=0013_rls_disabled_in_public,"{""name"":""post_comments"",""type"":""table"",""schema"":""public""}",rls_disabled_in_public_public_post_comments
rls_disabled_in_public,RLS Disabled in Public,ERROR,EXTERNAL,"[""SECURITY""]",Detects cases where row level security (RLS) has not been enabled on tables in schemas exposed to PostgREST,"Table \`public.squads\` is public, but RLS has not been enabled.",https://supabase.com/docs/guides/database/database-linter?lint=0013_rls_disabled_in_public,"{""name"":""squads"",""type"":""table"",""schema"":""public""}",rls_disabled_in_public_public_squads
rls_disabled_in_public,RLS Disabled in Public,ERROR,EXTERNAL,"[""SECURITY""]",Detects cases where row level security (RLS) has not been enabled on tables in schemas exposed to PostgREST,"Table \`public.coach_match_reviews\` is public, but RLS has not been enabled.",https://supabase.com/docs/guides/database/database-linter?lint=0013_rls_disabled_in_public,"{""name"":""coach_match_reviews"",""type"":""table"",""schema"":""public""}",rls_disabled_in_public_public_coach_match_reviews
rls_disabled_in_public,RLS Disabled in Public,ERROR,EXTERNAL,"[""SECURITY""]",Detects cases where row level security (RLS) has not been enabled on tables in schemas exposed to PostgREST,"Table \`public.conversation_participants\` is public, but RLS has not been enabled.",https://supabase.com/docs/guides/database/database-linter?lint=0013_rls_disabled_in_public,"{""name"":""conversation_participants"",""type"":""table"",""schema"":""public""}",rls_disabled_in_public_public_conversation_participants
rls_disabled_in_public,RLS Disabled in Public,ERROR,EXTERNAL,"[""SECURITY""]",Detects cases where row level security (RLS) has not been enabled on tables in schemas exposed to PostgREST,"Table \`public.domain_assessments\` is public, but RLS has not been enabled.",https://supabase.com/docs/guides/database/database-linter?lint=0013_rls_disabled_in_public,"{""name"":""domain_assessments"",""type"":""table"",""schema"":""public""}",rls_disabled_in_public_public_domain_assessments
rls_disabled_in_public,RLS Disabled in Public,ERROR,EXTERNAL,"[""SECURITY""]",Detects cases where row level security (RLS) has not been enabled on tables in schemas exposed to PostgREST,"Table \`public.join_requests\` is public, but RLS has not been enabled.",https://supabase.com/docs/guides/database/database-linter?lint=0013_rls_disabled_in_public,"{""name"":""join_requests"",""type"":""table"",""schema"":""public""}",rls_disabled_in_public_public_join_requests
rls_disabled_in_public,RLS Disabled in Public,ERROR,EXTERNAL,"[""SECURITY""]",Detects cases where row level security (RLS) has not been enabled on tables in schemas exposed to PostgREST,"Table \`public.level_trials\` is public, but RLS has not been enabled.",https://supabase.com/docs/guides/database/database-linter?lint=0013_rls_disabled_in_public,"{""name"":""level_trials"",""type"":""table"",""schema"":""public""}",rls_disabled_in_public_public_level_trials
rls_disabled_in_public,RLS Disabled in Public,ERROR,EXTERNAL,"[""SECURITY""]",Detects cases where row level security (RLS) has not been enabled on tables in schemas exposed to PostgREST,"Table \`public.level_up_events\` is public, but RLS has not been enabled.",https://supabase.com/docs/guides/database/database-linter?lint=0013_rls_disabled_in_public,"{""name"":""level_up_events"",""type"":""table"",""schema"":""public""}",rls_disabled_in_public_public_level_up_events
rls_disabled_in_public,RLS Disabled in Public,ERROR,EXTERNAL,"[""SECURITY""]",Detects cases where row level security (RLS) has not been enabled on tables in schemas exposed to PostgREST,"Table \`public.user_social_profiles\` is public, but RLS has not been enabled.",https://supabase.com/docs/guides/database/database-linter?lint=0013_rls_disabled_in_public,"{""name"":""user_social_profiles"",""type"":""table"",""schema"":""public""}",rls_disabled_in_public_public_user_social_profiles
rls_disabled_in_public,RLS Disabled in Public,ERROR,EXTERNAL,"[""SECURITY""]",Detects cases where row level security (RLS) has not been enabled on tables in schemas exposed to PostgREST,"Table \`public.users\` is public, but RLS has not been enabled.",https://supabase.com/docs/guides/database/database-linter?lint=0013_rls_disabled_in_public,"{""name"":""users"",""type"":""table"",""schema"":""public""}",rls_disabled_in_public_public_users
rls_disabled_in_public,RLS Disabled in Public,ERROR,EXTERNAL,"[""SECURITY""]",Detects cases where row level security (RLS) has not been enabled on tables in schemas exposed to PostgREST,"Table \`public.in_session_feedback\` is public, but RLS has not been enabled.",https://supabase.com/docs/guides/database/database-linter?lint=0013_rls_disabled_in_public,"{""name"":""in_session_feedback"",""type"":""table"",""schema"":""public""}",rls_disabled_in_public_public_in_session_feedback
rls_disabled_in_public,RLS Disabled in Public,ERROR,EXTERNAL,"[""SECURITY""]",Detects cases where row level security (RLS) has not been enabled on tables in schemas exposed to PostgREST,"Table \`public.comment_likes\` is public, but RLS has not been enabled.",https://supabase.com/docs/guides/database/database-linter?lint=0013_rls_disabled_in_public,"{""name"":""comment_likes"",""type"":""table"",""schema"":""public""}",rls_disabled_in_public_public_comment_likes
rls_disabled_in_public,RLS Disabled in Public,ERROR,EXTERNAL,"[""SECURITY""]",Detects cases where row level security (RLS) has not been enabled on tables in schemas exposed to PostgREST,"Table \`public.deep_assessment_pillar_summaries\` is public, but RLS has not been enabled.",https://supabase.com/docs/guides/database/database-linter?lint=0013_rls_disabled_in_public,"{""name"":""deep_assessment_pillar_summaries"",""type"":""table"",""schema"":""public""}",rls_disabled_in_public_public_deep_assessment_pillar_summaries
rls_disabled_in_public,RLS Disabled in Public,ERROR,EXTERNAL,"[""SECURITY""]",Detects cases where row level security (RLS) has not been enabled on tables in schemas exposed to PostgREST,"Table \`public.deep_assessment_skills\` is public, but RLS has not been enabled.",https://supabase.com/docs/guides/database/database-linter?lint=0013_rls_disabled_in_public,"{""name"":""deep_assessment_skills"",""type"":""table"",""schema"":""public""}",rls_disabled_in_public_public_deep_assessment_skills
rls_disabled_in_public,RLS Disabled in Public,ERROR,EXTERNAL,"[""SECURITY""]",Detects cases where row level security (RLS) has not been enabled on tables in schemas exposed to PostgREST,"Table \`public.match_pillar_scores\` is public, but RLS has not been enabled.",https://supabase.com/docs/guides/database/database-linter?lint=0013_rls_disabled_in_public,"{""name"":""match_pillar_scores"",""type"":""table"",""schema"":""public""}",rls_disabled_in_public_public_match_pillar_scores
rls_disabled_in_public,RLS Disabled in Public,ERROR,EXTERNAL,"[""SECURITY""]",Detects cases where row level security (RLS) has not been enabled on tables in schemas exposed to PostgREST,"Table \`public.match_requests\` is public, but RLS has not been enabled.",https://supabase.com/docs/guides/database/database-linter?lint=0013_rls_disabled_in_public,"{""name"":""match_requests"",""type"":""table"",""schema"":""public""}",rls_disabled_in_public_public_match_requests
rls_disabled_in_public,RLS Disabled in Public,ERROR,EXTERNAL,"[""SECURITY""]",Detects cases where row level security (RLS) has not been enabled on tables in schemas exposed to PostgREST,"Table \`public.player_baseline_skill_scores\` is public, but RLS has not been enabled.",https://supabase.com/docs/guides/database/database-linter?lint=0013_rls_disabled_in_public,"{""name"":""player_baseline_skill_scores"",""type"":""table"",""schema"":""public""}",rls_disabled_in_public_public_player_baseline_skill_scores
rls_disabled_in_public,RLS Disabled in Public,ERROR,EXTERNAL,"[""SECURITY""]",Detects cases where row level security (RLS) has not been enabled on tables in schemas exposed to PostgREST,"Table \`public.player_deep_assessments\` is public, but RLS has not been enabled.",https://supabase.com/docs/guides/database/database-linter?lint=0013_rls_disabled_in_public,"{""name"":""player_deep_assessments"",""type"":""table"",""schema"":""public""}",rls_disabled_in_public_public_player_deep_assessments
rls_disabled_in_public,RLS Disabled in Public,ERROR,EXTERNAL,"[""SECURITY""]",Detects cases where row level security (RLS) has not been enabled on tables in schemas exposed to PostgREST,"Table \`public.player_baselines\` is public, but RLS has not been enabled.",https://supabase.com/docs/guides/database/database-linter?lint=0013_rls_disabled_in_public,"{""name"":""player_baselines"",""type"":""table"",""schema"":""public""}",rls_disabled_in_public_public_player_baselines
rls_disabled_in_public,RLS Disabled in Public,ERROR,EXTERNAL,"[""SECURITY""]",Detects cases where row level security (RLS) has not been enabled on tables in schemas exposed to PostgREST,"Table \`public.player_badges\` is public, but RLS has not been enabled.",https://supabase.com/docs/guides/database/database-linter?lint=0013_rls_disabled_in_public,"{""name"":""player_badges"",""type"":""table"",""schema"":""public""}",rls_disabled_in_public_public_player_badges
rls_disabled_in_public,RLS Disabled in Public,ERROR,EXTERNAL,"[""SECURITY""]",Detects cases where row level security (RLS) has not been enabled on tables in schemas exposed to PostgREST,"Table \`public.player_ball_levels\` is public, but RLS has not been enabled.",https://supabase.com/docs/guides/database/database-linter?lint=0013_rls_disabled_in_public,"{""name"":""player_ball_levels"",""type"":""table"",""schema"":""public""}",rls_disabled_in_public_public_player_ball_levels
rls_disabled_in_public,RLS Disabled in Public,ERROR,EXTERNAL,"[""SECURITY""]",Detects cases where row level security (RLS) has not been enabled on tables in schemas exposed to PostgREST,"Table \`public.player_feature_unlock_history\` is public, but RLS has not been enabled.",https://supabase.com/docs/guides/database/database-linter?lint=0013_rls_disabled_in_public,"{""name"":""player_feature_unlock_history"",""type"":""table"",""schema"":""public""}",rls_disabled_in_public_public_player_feature_unlock_history
rls_disabled_in_public,RLS Disabled in Public,ERROR,EXTERNAL,"[""SECURITY""]",Detects cases where row level security (RLS) has not been enabled on tables in schemas exposed to PostgREST,"Table \`public.player_xp_events\` is public, but RLS has not been enabled.",https://supabase.com/docs/guides/database/database-linter?lint=0013_rls_disabled_in_public,"{""name"":""player_xp_events"",""type"":""table"",""schema"":""public""}",rls_disabled_in_public_public_player_xp_events
rls_disabled_in_public,RLS Disabled in Public,ERROR,EXTERNAL,"[""SECURITY""]",Detects cases where row level security (RLS) has not been enabled on tables in schemas exposed to PostgREST,"Table \`public.seller_profiles\` is public, but RLS has not been enabled.",https://supabase.com/docs/guides/database/database-linter?lint=0013_rls_disabled_in_public,"{""name"":""seller_profiles"",""type"":""table"",""schema"":""public""}",rls_disabled_in_public_public_seller_profiles
rls_disabled_in_public,RLS Disabled in Public,ERROR,EXTERNAL,"[""SECURITY""]",Detects cases where row level security (RLS) has not been enabled on tables in schemas exposed to PostgREST,"Table \`public.pressure_moments\` is public, but RLS has not been enabled.",https://supabase.com/docs/guides/database/database-linter?lint=0013_rls_disabled_in_public,"{""name"":""pressure_moments"",""type"":""table"",""schema"":""public""}",rls_disabled_in_public_public_pressure_moments
rls_disabled_in_public,RLS Disabled in Public,ERROR,EXTERNAL,"[""SECURITY""]",Detects cases where row level security (RLS) has not been enabled on tables in schemas exposed to PostgREST,"Table \`public.shop_wishlist\` is public, but RLS has not been enabled.",https://supabase.com/docs/guides/database/database-linter?lint=0013_rls_disabled_in_public,"{""name"":""shop_wishlist"",""type"":""table"",""schema"":""public""}",rls_disabled_in_public_public_shop_wishlist
rls_disabled_in_public,RLS Disabled in Public,ERROR,EXTERNAL,"[""SECURITY""]",Detects cases where row level security (RLS) has not been enabled on tables in schemas exposed to PostgREST,"Table \`public.squad_members\` is public, but RLS has not been enabled.",https://supabase.com/docs/guides/database/database-linter?lint=0013_rls_disabled_in_public,"{""name"":""squad_members"",""type"":""table"",""schema"":""public""}",rls_disabled_in_public_public_squad_members
rls_disabled_in_public,RLS Disabled in Public,ERROR,EXTERNAL,"[""SECURITY""]",Detects cases where row level security (RLS) has not been enabled on tables in schemas exposed to PostgREST,"Table \`public.booking_requests\` is public, but RLS has not been enabled.",https://supabase.com/docs/guides/database/database-linter?lint=0013_rls_disabled_in_public,"{""name"":""booking_requests"",""type"":""table"",""schema"":""public""}",rls_disabled_in_public_public_booking_requests
rls_disabled_in_public,RLS Disabled in Public,ERROR,EXTERNAL,"[""SECURITY""]",Detects cases where row level security (RLS) has not been enabled on tables in schemas exposed to PostgREST,"Table \`public.coach_earnings\` is public, but RLS has not been enabled.",https://supabase.com/docs/guides/database/database-linter?lint=0013_rls_disabled_in_public,"{""name"":""coach_earnings"",""type"":""table"",""schema"":""public""}",rls_disabled_in_public_public_coach_earnings
rls_disabled_in_public,RLS Disabled in Public,ERROR,EXTERNAL,"[""SECURITY""]",Detects cases where row level security (RLS) has not been enabled on tables in schemas exposed to PostgREST,"Table \`public.review_responses\` is public, but RLS has not been enabled.",https://supabase.com/docs/guides/database/database-linter?lint=0013_rls_disabled_in_public,"{""name"":""review_responses"",""type"":""table"",""schema"":""public""}",rls_disabled_in_public_public_review_responses
rls_disabled_in_public,RLS Disabled in Public,ERROR,EXTERNAL,"[""SECURITY""]",Detects cases where row level security (RLS) has not been enabled on tables in schemas exposed to PostgREST,"Table \`public.review_flags\` is public, but RLS has not been enabled.",https://supabase.com/docs/guides/database/database-linter?lint=0013_rls_disabled_in_public,"{""name"":""review_flags"",""type"":""table"",""schema"":""public""}",rls_disabled_in_public_public_review_flags
rls_disabled_in_public,RLS Disabled in Public,ERROR,EXTERNAL,"[""SECURITY""]",Detects cases where row level security (RLS) has not been enabled on tables in schemas exposed to PostgREST,"Table \`public.shop_order_items\` is public, but RLS has not been enabled.",https://supabase.com/docs/guides/database/database-linter?lint=0013_rls_disabled_in_public,"{""name"":""shop_order_items"",""type"":""table"",""schema"":""public""}",rls_disabled_in_public_public_shop_order_items
rls_disabled_in_public,RLS Disabled in Public,ERROR,EXTERNAL,"[""SECURITY""]",Detects cases where row level security (RLS) has not been enabled on tables in schemas exposed to PostgREST,"Table \`public.court_bookings\` is public, but RLS has not been enabled.",https://supabase.com/docs/guides/database/database-linter?lint=0013_rls_disabled_in_public,"{""name"":""court_bookings"",""type"":""table"",""schema"":""public""}",rls_disabled_in_public_public_court_bookings
rls_disabled_in_public,RLS Disabled in Public,ERROR,EXTERNAL,"[""SECURITY""]",Detects cases where row level security (RLS) has not been enabled on tables in schemas exposed to PostgREST,"Table \`public.match_logs\` is public, but RLS has not been enabled.",https://supabase.com/docs/guides/database/database-linter?lint=0013_rls_disabled_in_public,"{""name"":""match_logs"",""type"":""table"",""schema"":""public""}",rls_disabled_in_public_public_match_logs
rls_disabled_in_public,RLS Disabled in Public,ERROR,EXTERNAL,"[""SECURITY""]",Detects cases where row level security (RLS) has not been enabled on tables in schemas exposed to PostgREST,"Table \`public.invoices\` is public, but RLS has not been enabled.",https://supabase.com/docs/guides/database/database-linter?lint=0013_rls_disabled_in_public,"{""name"":""invoices"",""type"":""table"",""schema"":""public""}",rls_disabled_in_public_public_invoices
rls_disabled_in_public,RLS Disabled in Public,ERROR,EXTERNAL,"[""SECURITY""]",Detects cases where row level security (RLS) has not been enabled on tables in schemas exposed to PostgREST,"Table \`public.coach_calibration\` is public, but RLS has not been enabled.",https://supabase.com/docs/guides/database/database-linter?lint=0013_rls_disabled_in_public,"{""name"":""coach_calibration"",""type"":""table"",""schema"":""public""}",rls_disabled_in_public_public_coach_calibration
rls_disabled_in_public,RLS Disabled in Public,ERROR,EXTERNAL,"[""SECURITY""]",Detects cases where row level security (RLS) has not been enabled on tables in schemas exposed to PostgREST,"Table \`public.coach_court_preferences\` is public, but RLS has not been enabled.",https://supabase.com/docs/guides/database/database-linter?lint=0013_rls_disabled_in_public,"{""name"":""coach_court_preferences"",""type"":""table"",""schema"":""public""}",rls_disabled_in_public_public_coach_court_preferences
rls_disabled_in_public,RLS Disabled in Public,ERROR,EXTERNAL,"[""SECURITY""]",Detects cases where row level security (RLS) has not been enabled on tables in schemas exposed to PostgREST,"Table \`public.coach_freelance_profiles\` is public, but RLS has not been enabled.",https://supabase.com/docs/guides/database/database-linter?lint=0013_rls_disabled_in_public,"{""name"":""coach_freelance_profiles"",""type"":""table"",""schema"":""public""}",rls_disabled_in_public_public_coach_freelance_profiles
rls_disabled_in_public,RLS Disabled in Public,ERROR,EXTERNAL,"[""SECURITY""]",Detects cases where row level security (RLS) has not been enabled on tables in schemas exposed to PostgREST,"Table \`public.academy_pricing\` is public, but RLS has not been enabled.",https://supabase.com/docs/guides/database/database-linter?lint=0013_rls_disabled_in_public,"{""name"":""academy_pricing"",""type"":""table"",""schema"":""public""}",rls_disabled_in_public_public_academy_pricing
rls_disabled_in_public,RLS Disabled in Public,ERROR,EXTERNAL,"[""SECURITY""]",Detects cases where row level security (RLS) has not been enabled on tables in schemas exposed to PostgREST,"Table \`public.coach_invitations\` is public, but RLS has not been enabled.",https://supabase.com/docs/guides/database/database-linter?lint=0013_rls_disabled_in_public,"{""name"":""coach_invitations"",""type"":""table"",""schema"":""public""}",rls_disabled_in_public_public_coach_invitations
rls_disabled_in_public,RLS Disabled in Public,ERROR,EXTERNAL,"[""SECURITY""]",Detects cases where row level security (RLS) has not been enabled on tables in schemas exposed to PostgREST,"Table \`public.coach_payment_rules\` is public, but RLS has not been enabled.",https://supabase.com/docs/guides/database/database-linter?lint=0013_rls_disabled_in_public,"{""name"":""coach_payment_rules"",""type"":""table"",""schema"":""public""}",rls_disabled_in_public_public_coach_payment_rules
rls_disabled_in_public,RLS Disabled in Public,ERROR,EXTERNAL,"[""SECURITY""]",Detects cases where row level security (RLS) has not been enabled on tables in schemas exposed to PostgREST,"Table \`public.availability_exceptions\` is public, but RLS has not been enabled.",https://supabase.com/docs/guides/database/database-linter?lint=0013_rls_disabled_in_public,"{""name"":""availability_exceptions"",""type"":""table"",""schema"":""public""}",rls_disabled_in_public_public_availability_exceptions
rls_disabled_in_public,RLS Disabled in Public,ERROR,EXTERNAL,"[""SECURITY""]",Detects cases where row level security (RLS) has not been enabled on tables in schemas exposed to PostgREST,"Table \`public.messages\` is public, but RLS has not been enabled.",https://supabase.com/docs/guides/database/database-linter?lint=0013_rls_disabled_in_public,"{""name"":""messages"",""type"":""table"",""schema"":""public""}",rls_disabled_in_public_public_messages
rls_disabled_in_public,RLS Disabled in Public,ERROR,EXTERNAL,"[""SECURITY""]",Detects cases where row level security (RLS) has not been enabled on tables in schemas exposed to PostgREST,"Table \`public.payments\` is public, but RLS has not been enabled.",https://supabase.com/docs/guides/database/database-linter?lint=0013_rls_disabled_in_public,"{""name"":""payments"",""type"":""table"",""schema"":""public""}",rls_disabled_in_public_public_payments
rls_disabled_in_public,RLS Disabled in Public,ERROR,EXTERNAL,"[""SECURITY""]",Detects cases where row level security (RLS) has not been enabled on tables in schemas exposed to PostgREST,"Table \`public.player_session_cancellations\` is public, but RLS has not been enabled.",https://supabase.com/docs/guides/database/database-linter?lint=0013_rls_disabled_in_public,"{""name"":""player_session_cancellations"",""type"":""table"",""schema"":""public""}",rls_disabled_in_public_public_player_session_cancellations
rls_disabled_in_public,RLS Disabled in Public,ERROR,EXTERNAL,"[""SECURITY""]",Detects cases where row level security (RLS) has not been enabled on tables in schemas exposed to PostgREST,"Table \`public.coach_court_rules\` is public, but RLS has not been enabled.",https://supabase.com/docs/guides/database/database-linter?lint=0013_rls_disabled_in_public,"{""name"":""coach_court_rules"",""type"":""table"",""schema"":""public""}",rls_disabled_in_public_public_coach_court_rules
rls_disabled_in_public,RLS Disabled in Public,ERROR,EXTERNAL,"[""SECURITY""]",Detects cases where row level security (RLS) has not been enabled on tables in schemas exposed to PostgREST,"Table \`public.coach_review_stats\` is public, but RLS has not been enabled.",https://supabase.com/docs/guides/database/database-linter?lint=0013_rls_disabled_in_public,"{""name"":""coach_review_stats"",""type"":""table"",""schema"":""public""}",rls_disabled_in_public_public_coach_review_stats
rls_disabled_in_public,RLS Disabled in Public,ERROR,EXTERNAL,"[""SECURITY""]",Detects cases where row level security (RLS) has not been enabled on tables in schemas exposed to PostgREST,"Table \`public.drill_blocks\` is public, but RLS has not been enabled.",https://supabase.com/docs/guides/database/database-linter?lint=0013_rls_disabled_in_public,"{""name"":""drill_blocks"",""type"":""table"",""schema"":""public""}",rls_disabled_in_public_public_drill_blocks
rls_disabled_in_public,RLS Disabled in Public,ERROR,EXTERNAL,"[""SECURITY""]",Detects cases where row level security (RLS) has not been enabled on tables in schemas exposed to PostgREST,"Table \`public.player_progress\` is public, but RLS has not been enabled.",https://supabase.com/docs/guides/database/database-linter?lint=0013_rls_disabled_in_public,"{""name"":""player_progress"",""type"":""table"",""schema"":""public""}",rls_disabled_in_public_public_player_progress
rls_disabled_in_public,RLS Disabled in Public,ERROR,EXTERNAL,"[""SECURITY""]",Detects cases where row level security (RLS) has not been enabled on tables in schemas exposed to PostgREST,"Table \`public.player_skill_scores\` is public, but RLS has not been enabled.",https://supabase.com/docs/guides/database/database-linter?lint=0013_rls_disabled_in_public,"{""name"":""player_skill_scores"",""type"":""table"",""schema"":""public""}",rls_disabled_in_public_public_player_skill_scores
rls_disabled_in_public,RLS Disabled in Public,ERROR,EXTERNAL,"[""SECURITY""]",Detects cases where row level security (RLS) has not been enabled on tables in schemas exposed to PostgREST,"Table \`public.skill_evidence\` is public, but RLS has not been enabled.",https://supabase.com/docs/guides/database/database-linter?lint=0013_rls_disabled_in_public,"{""name"":""skill_evidence"",""type"":""table"",""schema"":""public""}",rls_disabled_in_public_public_skill_evidence
sensitive_columns_exposed,Sensitive Columns Exposed,ERROR,EXTERNAL,"[""SECURITY""]","Detects tables exposed via API that contain columns with potentially sensitive data (PII, credentials, financial info) without RLS protection.",Table `public.booking_requests` is exposed via API without RLS and contains potentially sensitive column(s): session_id. This may lead to data exposure.,https://supabase.com/docs/guides/database/database-linter?lint=0023_sensitive_columns_exposed,"{""name"":""booking_requests"",""type"":""table"",""schema"":""public"",""matched_patterns"":[""session_id""],""sensitive_columns"":[""session_id""]}",sensitive_columns_exposed_public_booking_requests
sensitive_columns_exposed,Sensitive Columns Exposed,ERROR,EXTERNAL,"[""SECURITY""]","Detects tables exposed via API that contain columns with potentially sensitive data (PII, credentials, financial info) without RLS protection.",Table `public.coach_earnings` is exposed via API without RLS and contains potentially sensitive column(s): session_id. This may lead to data exposure.,https://supabase.com/docs/guides/database/database-linter?lint=0023_sensitive_columns_exposed,"{""name"":""coach_earnings"",""type"":""table"",""schema"":""public"",""matched_patterns"":[""session_id""],""sensitive_columns"":[""session_id""]}",sensitive_columns_exposed_public_coach_earnings
sensitive_columns_exposed,Sensitive Columns Exposed,ERROR,EXTERNAL,"[""SECURITY""]","Detects tables exposed via API that contain columns with potentially sensitive data (PII, credentials, financial info) without RLS protection.",Table `public.coach_invitations` is exposed via API without RLS and contains potentially sensitive column(s): token. This may lead to data exposure.,https://supabase.com/docs/guides/database/database-linter?lint=0023_sensitive_columns_exposed,"{""name"":""coach_invitations"",""type"":""table"",""schema"":""public"",""matched_patterns"":[""token""],""sensitive_columns"":[""token""]}",sensitive_columns_exposed_public_coach_invitations
sensitive_columns_exposed,Sensitive Columns Exposed,ERROR,EXTERNAL,"[""SECURITY""]","Detects tables exposed via API that contain columns with potentially sensitive data (PII, credentials, financial info) without RLS protection.",Table `public.coach_xp_transactions` is exposed via API without RLS and contains potentially sensitive column(s): session_id. This may lead to data exposure.,https://supabase.com/docs/guides/database/database-linter?lint=0023_sensitive_columns_exposed,"{""name"":""coach_xp_transactions"",""type"":""table"",""schema"":""public"",""matched_patterns"":[""session_id""],""sensitive_columns"":[""session_id""]}",sensitive_columns_exposed_public_coach_xp_transactions
sensitive_columns_exposed,Sensitive Columns Exposed,ERROR,EXTERNAL,"[""SECURITY""]","Detects tables exposed via API that contain columns with potentially sensitive data (PII, credentials, financial info) without RLS protection.",Table `public.credit_transactions` is exposed via API without RLS and contains potentially sensitive column(s): session_id. This may lead to data exposure.,https://supabase.com/docs/guides/database/database-linter?lint=0023_sensitive_columns_exposed,"{""name"":""credit_transactions"",""type"":""table"",""schema"":""public"",""matched_patterns"":[""session_id""],""sensitive_columns"":[""session_id""]}",sensitive_columns_exposed_public_credit_transactions
sensitive_columns_exposed,Sensitive Columns Exposed,ERROR,EXTERNAL,"[""SECURITY""]","Detects tables exposed via API that contain columns with potentially sensitive data (PII, credentials, financial info) without RLS protection.",Table `public.in_session_feedback` is exposed via API without RLS and contains potentially sensitive column(s): session_id. This may lead to data exposure.,https://supabase.com/docs/guides/database/database-linter?lint=0023_sensitive_columns_exposed,"{""name"":""in_session_feedback"",""type"":""table"",""schema"":""public"",""matched_patterns"":[""session_id""],""sensitive_columns"":[""session_id""]}",sensitive_columns_exposed_public_in_session_feedback
sensitive_columns_exposed,Sensitive Columns Exposed,ERROR,EXTERNAL,"[""SECURITY""]","Detects tables exposed via API that contain columns with potentially sensitive data (PII, credentials, financial info) without RLS protection.",Table `public.invites` is exposed via API without RLS and contains potentially sensitive column(s): token. This may lead to data exposure.,https://supabase.com/docs/guides/database/database-linter?lint=0023_sensitive_columns_exposed,"{""name"":""invites"",""type"":""table"",""schema"":""public"",""matched_patterns"":[""token""],""sensitive_columns"":[""token""]}",sensitive_columns_exposed_public_invites
sensitive_columns_exposed,Sensitive Columns Exposed,ERROR,EXTERNAL,"[""SECURITY""]","Detects tables exposed via API that contain columns with potentially sensitive data (PII, credentials, financial info) without RLS protection.",Table `public.invoices` is exposed via API without RLS and contains potentially sensitive column(s): session_id. This may lead to data exposure.,https://supabase.com/docs/guides/database/database-linter?lint=0023_sensitive_columns_exposed,"{""name"":""invoices"",""type"":""table"",""schema"":""public"",""matched_patterns"":[""session_id""],""sensitive_columns"":[""session_id""]}",sensitive_columns_exposed_public_invoices
sensitive_columns_exposed,Sensitive Columns Exposed,ERROR,EXTERNAL,"[""SECURITY""]","Detects tables exposed via API that contain columns with potentially sensitive data (PII, credentials, financial info) without RLS protection.",Table `public.match_logs` is exposed via API without RLS and contains potentially sensitive column(s): session_id. This may lead to data exposure.,https://supabase.com/docs/guides/database/database-linter?lint=0023_sensitive_columns_exposed,"{""name"":""match_logs"",""type"":""table"",""schema"":""public"",""matched_patterns"":[""session_id""],""sensitive_columns"":[""session_id""]}",sensitive_columns_exposed_public_match_logs
sensitive_columns_exposed,Sensitive Columns Exposed,ERROR,EXTERNAL,"[""SECURITY""]","Detects tables exposed via API that contain columns with potentially sensitive data (PII, credentials, financial info) without RLS protection.",Table `public.player_deep_assessments` is exposed via API without RLS and contains potentially sensitive column(s): session_id. This may lead to data exposure.,https://supabase.com/docs/guides/database/database-linter?lint=0023_sensitive_columns_exposed,"{""name"":""player_deep_assessments"",""type"":""table"",""schema"":""public"",""matched_patterns"":[""session_id""],""sensitive_columns"":[""session_id""]}",sensitive_columns_exposed_public_player_deep_assessments
sensitive_columns_exposed,Sensitive Columns Exposed,ERROR,EXTERNAL,"[""SECURITY""]","Detects tables exposed via API that contain columns with potentially sensitive data (PII, credentials, financial info) without RLS protection.",Table `public.player_notes` is exposed via API without RLS and contains potentially sensitive column(s): session_id. This may lead to data exposure.,https://supabase.com/docs/guides/database/database-linter?lint=0023_sensitive_columns_exposed,"{""name"":""player_notes"",""type"":""table"",""schema"":""public"",""matched_patterns"":[""session_id""],""sensitive_columns"":[""session_id""]}",sensitive_columns_exposed_public_player_notes
sensitive_columns_exposed,Sensitive Columns Exposed,ERROR,EXTERNAL,"[""SECURITY""]","Detects tables exposed via API that contain columns with potentially sensitive data (PII, credentials, financial info) without RLS protection.",Table `public.player_progress` is exposed via API without RLS and contains potentially sensitive column(s): session_id. This may lead to data exposure.,https://supabase.com/docs/guides/database/database-linter?lint=0023_sensitive_columns_exposed,"{""name"":""player_progress"",""type"":""table"",""schema"":""public"",""matched_patterns"":[""session_id""],""sensitive_columns"":[""session_id""]}",sensitive_columns_exposed_public_player_progress
sensitive_columns_exposed,Sensitive Columns Exposed,ERROR,EXTERNAL,"[""SECURITY""]","Detects tables exposed via API that contain columns with potentially sensitive data (PII, credentials, financial info) without RLS protection.",Table `public.player_session_cancellations` is exposed via API without RLS and contains potentially sensitive column(s): session_id. This may lead to data exposure.,https://supabase.com/docs/guides/database/database-linter?lint=0023_sensitive_columns_exposed,"{""name"":""player_session_cancellations"",""type"":""table"",""schema"":""public"",""matched_patterns"":[""session_id""],""sensitive_columns"":[""session_id""]}",sensitive_columns_exposed_public_player_session_cancellations
sensitive_columns_exposed,Sensitive Columns Exposed,ERROR,EXTERNAL,"[""SECURITY""]","Detects tables exposed via API that contain columns with potentially sensitive data (PII, credentials, financial info) without RLS protection.",Table `public.player_skill_scores` is exposed via API without RLS and contains potentially sensitive column(s): session_id. This may lead to data exposure.,https://supabase.com/docs/guides/database/database-linter?lint=0023_sensitive_columns_exposed,"{""name"":""player_skill_scores"",""type"":""table"",""schema"":""public"",""matched_patterns"":[""session_id""],""sensitive_columns"":[""session_id""]}",sensitive_columns_exposed_public_player_skill_scores
sensitive_columns_exposed,Sensitive Columns Exposed,ERROR,EXTERNAL,"[""SECURITY""]","Detects tables exposed via API that contain columns with potentially sensitive data (PII, credentials, financial info) without RLS protection.",Table `public.push_device_tokens` is exposed via API without RLS and contains potentially sensitive column(s): token. This may lead to data exposure.,https://supabase.com/docs/guides/database/database-linter?lint=0023_sensitive_columns_exposed,"{""name"":""push_device_tokens"",""type"":""table"",""schema"":""public"",""matched_patterns"":[""token""],""sensitive_columns"":[""token""]}",sensitive_columns_exposed_public_push_device_tokens
sensitive_columns_exposed,Sensitive Columns Exposed,ERROR,EXTERNAL,"[""SECURITY""]","Detects tables exposed via API that contain columns with potentially sensitive data (PII, credentials, financial info) without RLS protection.",Table `public.session_feedback` is exposed via API without RLS and contains potentially sensitive column(s): session_id. This may lead to data exposure.,https://supabase.com/docs/guides/database/database-linter?lint=0023_sensitive_columns_exposed,"{""name"":""session_feedback"",""type"":""table"",""schema"":""public"",""matched_patterns"":[""session_id""],""sensitive_columns"":[""session_id""]}",sensitive_columns_exposed_public_session_feedback
sensitive_columns_exposed,Sensitive Columns Exposed,ERROR,EXTERNAL,"[""SECURITY""]","Detects tables exposed via API that contain columns with potentially sensitive data (PII, credentials, financial info) without RLS protection.",Table `public.session_plans` is exposed via API without RLS and contains potentially sensitive column(s): session_id. This may lead to data exposure.,https://supabase.com/docs/guides/database/database-linter?lint=0023_sensitive_columns_exposed,"{""name"":""session_plans"",""type"":""table"",""schema"":""public"",""matched_patterns"":[""session_id""],""sensitive_columns"":[""session_id""]}",sensitive_columns_exposed_public_session_plans
sensitive_columns_exposed,Sensitive Columns Exposed,ERROR,EXTERNAL,"[""SECURITY""]","Detects tables exposed via API that contain columns with potentially sensitive data (PII, credentials, financial info) without RLS protection.",Table `public.session_players` is exposed via API without RLS and contains potentially sensitive column(s): session_id. This may lead to data exposure.,https://supabase.com/docs/guides/database/database-linter?lint=0023_sensitive_columns_exposed,"{""name"":""session_players"",""type"":""table"",""schema"":""public"",""matched_patterns"":[""session_id""],""sensitive_columns"":[""session_id""]}",sensitive_columns_exposed_public_session_players
sensitive_columns_exposed,Sensitive Columns Exposed,ERROR,EXTERNAL,"[""SECURITY""]","Detects tables exposed via API that contain columns with potentially sensitive data (PII, credentials, financial info) without RLS protection.",Table `public.session_skill_feedback` is exposed via API without RLS and contains potentially sensitive column(s): session_id. This may lead to data exposure.,https://supabase.com/docs/guides/database/database-linter?lint=0023_sensitive_columns_exposed,"{""name"":""session_skill_feedback"",""type"":""table"",""schema"":""public"",""matched_patterns"":[""session_id""],""sensitive_columns"":[""session_id""]}",sensitive_columns_exposed_public_session_skill_feedback
sensitive_columns_exposed,Sensitive Columns Exposed,ERROR,EXTERNAL,"[""SECURITY""]","Detects tables exposed via API that contain columns with potentially sensitive data (PII, credentials, financial info) without RLS protection.",Table `public.session_skill_observations` is exposed via API without RLS and contains potentially sensitive column(s): session_id. This may lead to data exposure.,https://supabase.com/docs/guides/database/database-linter?lint=0023_sensitive_columns_exposed,"{""name"":""session_skill_observations"",""type"":""table"",""schema"":""public"",""matched_patterns"":[""session_id""],""sensitive_columns"":[""session_id""]}",sensitive_columns_exposed_public_session_skill_observations
sensitive_columns_exposed,Sensitive Columns Exposed,ERROR,EXTERNAL,"[""SECURITY""]","Detects tables exposed via API that contain columns with potentially sensitive data (PII, credentials, financial info) without RLS protection.",Table `public.session_waitlist` is exposed via API without RLS and contains potentially sensitive column(s): session_id. This may lead to data exposure.,https://supabase.com/docs/guides/database/database-linter?lint=0023_sensitive_columns_exposed,"{""name"":""session_waitlist"",""type"":""table"",""schema"":""public"",""matched_patterns"":[""session_id""],""sensitive_columns"":[""session_id""]}",sensitive_columns_exposed_public_session_waitlist
sensitive_columns_exposed,Sensitive Columns Exposed,ERROR,EXTERNAL,"[""SECURITY""]","Detects tables exposed via API that contain columns with potentially sensitive data (PII, credentials, financial info) without RLS protection.",Table `public.skill_evidence` is exposed via API without RLS and contains potentially sensitive column(s): session_id. This may lead to data exposure.,https://supabase.com/docs/guides/database/database-linter?lint=0023_sensitive_columns_exposed,"{""name"":""skill_evidence"",""type"":""table"",""schema"":""public"",""matched_patterns"":[""session_id""],""sensitive_columns"":[""session_id""]}",sensitive_columns_exposed_public_skill_evidence
sensitive_columns_exposed,Sensitive Columns Exposed,ERROR,EXTERNAL,"[""SECURITY""]","Detects tables exposed via API that contain columns with potentially sensitive data (PII, credentials, financial info) without RLS protection.",Table `public.users` is exposed via API without RLS and contains potentially sensitive column(s): password. This may lead to data exposure.,https://supabase.com/docs/guides/database/database-linter?lint=0023_sensitive_columns_exposed,"{""name"":""users"",""type"":""table"",""schema"":""public"",""matched_patterns"":[""password""],""sensitive_columns"":[""password""]}",sensitive_columns_exposed_public_users
sensitive_columns_exposed,Sensitive Columns Exposed,ERROR,EXTERNAL,"[""SECURITY""]","Detects tables exposed via API that contain columns with potentially sensitive data (PII, credentials, financial info) without RLS protection.",Table `public.xp_transactions` is exposed via API without RLS and contains potentially sensitive column(s): session_id. This may lead to data exposure.,https://supabase.com/docs/guides/database/database-linter?lint=0023_sensitive_columns_exposed,"{""name"":""xp_transactions"",""type"":""table"",""schema"":""public"",""matched_patterns"":[""session_id""],""sensitive_columns"":[""session_id""]}",sensitive_columns_exposed_public_xp_transactions